"Subject","Gender","AFQT","Income2005","Edu2006"
2,"female",6.841,5.5,12
6,"male",99.393,65,16
7,"male",47.412,19,12
8,"female",44.022,36,14
9,"male",59.683,65,14
13,"male",72.313,8,16
16,"female",50.283,71,13
17,"male",89.669,43,13
18,"male",95.977,120,13
20,"female",67.021,64,17
21,"female",88.416,253.043,16
22,"female",89.167,45.3,16
29,"female",25.905,85,12
34,"male",6.069,150.432,13
37,"female",56.29,37,12
38,"female",12.788,70,12
39,"male",26.851,67,12
41,"male",57.095,120,15
42,"male",22.326,45,12
44,"female",37.061,7.2,12
46,"female",78.095,42,19
47,"male",75.473,66.309,12
49,"female",71.226,34,14
57,"female",30.83,12,12
58,"female",91.625,55.5,17
61,"female",99.15,63,14
62,"female",36.384,30,13
63,"male",87.934,108,16
69,"male",86.703,120,18
73,"male",81.527,186.135,18
78,"female",85.347,14.657,16
86,"female",7.198,14,9
87,"male",12.463,17,12
89,"female",84.98,62,16
97,"female",59.411,49,14
105,"female",81.787,40,12
106,"male",87.651,105,16
107,"male",65.347,43,16
117,"male",98.349,83,15
119,"male",27.671,12,16
120,"male",97.847,150,16
121,"female",92.618,41,17
126,"male",67.259,85,14
129,"male",92.817,80,16
133,"female",57.983,52,12
137,"female",87.283,175.829,16
138,"female",88.326,8,16
139,"male",79.832,120,15
140,"female",72.878,65,17
141,"female",85.861,44.768,18
143,"female",59.838,52,14
145,"male",62.607,10,12
146,"male",86.932,50,12
147,"female",22.466,12,14
148,"male",74.997,21.8,12
149,"female",39.973,95,12
152,"female",93.332,85,12
156,"male",4.975,14,11
158,"female",85.206,35.1,17
160,"female",77.44,65,14
162,"male",98.253,76,18
165,"female",46.506,50,12
166,"male",58.432,82,13
174,"female",47.279,48,13
179,"female",30.455,29,12
184,"female",59.078,6,16
185,"male",77.155,34,12
186,"female",81.515,65,18
188,"female",11.983,15,10
190,"female",73.636,92,18
191,"male",89.27,118,19
192,"female",80.48,26,16
193,"male",45.527,105,16
195,"male",87.917,348.204,18
197,"female",17.107,17,12
198,"male",64.239,130,18
199,"male",19.225,38,12
200,"female",27.551,35,12
201,"male",86.603,16,16
202,"male",73.184,55,14
207,"male",25.802,32,12
210,"male",59.04,50,16
218,"male",81.447,261.763,16
219,"female",60.012,102,20
220,"female",89.381,105,20
228,"female",2.739,1.6,9
230,"male",34.084,55,15
232,"male",55.78,45,14
233,"male",31.472,39,12
234,"male",35.461,140,12
235,"male",61.313,98,15
236,"female",71.673,30,13
239,"female",13.294,9,10
240,"female",50.483,38,12
242,"female",30.481,75,12
243,"male",62.957,94.6,12
244,"female",73.828,5,12
245,"female",81.929,25,14
247,"male",52.544,79,20
248,"male",8.261,2,14
253,"male",34.745,20,11
256,"female",56.308,3,13
257,"male",58.214,22,12
259,"male",56.348,14,12
260,"male",83.227,65,14
269,"male",83.698,154.541,16
273,"male",64.372,61.5,15
274,"male",88.343,45,13
275,"female",72.963,52,14
279,"male",59.272,64.5,12
281,"male",72.769,99,18
282,"female",85.4,14,16
283,"male",15.136,53,12
284,"male",44.708,90,12
285,"female",15.448,35,10
290,"female",11.136,19,10
294,"female",62.191,12,12
299,"male",12.439,25,11
306,"male",27.277,40,14
310,"male",18.491,70,12
313,"male",30.794,37,11
317,"male",78.739,31.5,16
321,"female",76.525,69,16
323,"male",65.825,80,12
324,"male",10.373,23,9
327,"female",88.257,28,16
335,"female",62.746,10,15
341,"female",46.696,125,14
342,"male",95.123,96,17
346,"male",43.221,120,16
348,"male",36.155,164.307,12
350,"male",47.18,100,17
351,"male",19.021,39,12
354,"female",65.997,9.6,12
355,"male",55.481,120,13
356,"male",41.794,50,11
357,"male",68.746,80,16
358,"male",28.374,110,16
359,"female",37.74,60,16
360,"female",80.272,34,19
362,"male",19.625,48,12
367,"female",76.624,58,16
369,"female",91.042,12,16
370,"female",89.893,20,16
373,"female",11.771,9,12
375,"male",11.374,17.5,12
376,"male",83.17,47,18
377,"male",32.899,10,12
381,"male",49.149,105,12
385,"female",39.687,41.5,12
386,"female",63.197,43,12
388,"female",78.241,70,15
391,"female",23.959,35,12
392,"male",93.142,60,12
393,"male",76.768,68,13
399,"female",66.314,62.5,18
400,"female",100,75,16
401,"female",24.833,11.5,12
405,"female",16.239,26,13
408,"male",85.102,68,12
409,"male",90.513,180.733,16
410,"male",68.615,31.085,12
411,"male",18.169,16,12
414,"female",73.351,21,14
418,"female",60.767,28,13
422,"male",99.379,55,19
426,"male",27.838,82,12
433,"male",1.622,21.528,12
434,"male",65.734,59,12
437,"female",71.472,22,12
438,"female",79.95,36,13
439,"female",75.485,77,16
442,"female",64.195,15,13
443,"male",97.365,47,14
444,"female",80.238,1.5,16
445,"male",93.639,40,16
446,"female",25.328,32,12
449,"female",47.638,14,12
453,"male",72.199,40.3,13
456,"male",48.986,50,18
457,"male",78.555,53,16
458,"female",86.548,65,18
459,"female",85.905,10,20
460,"female",31.254,21.4,13
461,"male",90.491,85,16
464,"male",79.33,78,14
465,"female",85.844,12,12
467,"female",95.508,20,16
470,"male",11.35,46,12
479,"male",76.189,86,16
480,"male",51.896,60,18
481,"male",93.653,388.725,19
482,"male",77.991,122,19
484,"male",13.303,30,12
485,"female",8.229,12,12
486,"male",50.498,196.424,12
489,"male",59.586,85,14
491,"female",13.761,20,12
495,"female",69.07,29.821,14
496,"female",92.866,25,16
499,"female",39.163,36,13
500,"female",64.295,53,14
501,"female",78.966,25,19
502,"male",71.792,90,12
503,"female",56.773,23,12
505,"male",26.498,28,12
506,"female",43.741,43,16
520,"male",26.381,73,16
521,"male",37.473,80,17
527,"female",61.184,50,13
533,"female",55.185,5,15
535,"male",33.208,20,12
540,"male",16.138,60,12
543,"male",21.108,98,12
547,"male",45.744,69,11
548,"female",72.071,15,12
550,"female",81.039,22,12
553,"male",99.154,10,16
554,"male",91.427,1.1,19
556,"male",86.423,147,18
557,"female",99.324,1.2,17
558,"female",83.317,36,17
560,"male",62.344,78.5,14
561,"female",76.633,42,20
562,"male",64.432,55,20
564,"male",33.668,5,14
565,"male",35.041,55,13
583,"male",73.326,36,13
585,"female",25.699,25,9
594,"male",53.342,80,12
597,"male",2.826,0.5,11
604,"female",62.762,40,15
606,"male",72.782,35,13
608,"female",88.693,27,16
609,"female",45.803,32,16
612,"female",48.877,46.136,16
613,"male",35.747,95,12
616,"male",9.141,25,12
622,"female",52.674,36.5,15
631,"male",22.379,18,11
632,"female",1.31,4,12
636,"female",34.526,40,12
639,"male",60.396,35,12
640,"female",77.715,42,12
645,"male",86.137,163.172,16
646,"female",1.79,12.5,12
647,"male",43.472,61,12
649,"male",85.54,110,17
650,"female",77.736,58,16
653,"male",90.095,96,18
659,"male",39.786,75,14
662,"female",70.5,22,12
663,"male",76.234,85,16
664,"female",47.912,43,17
665,"female",59.991,30,16
667,"male",70.912,58,14
669,"male",79.232,29,12
671,"male",79.303,10,16
674,"male",2.926,50,12
675,"male",3.663,8.4,11
679,"male",8.563,20,12
681,"male",6.381,5,12
683,"female",45.808,52,18
684,"male",29.001,72,12
686,"male",79.313,57,18
688,"female",41.58,23,14
692,"female",36.055,45,13
697,"male",14.729,50,12
701,"male",10.566,9.8,9
703,"female",40.97,3,12
704,"female",46.092,56,13
707,"male",31.469,48,14
709,"male",26.594,41.167,12
711,"male",38.582,40,12
712,"female",80.637,41,13
713,"female",14.274,11,12
714,"male",26.688,20,11
717,"male",30.429,40,12
719,"male",6.818,48,12
720,"female",36.158,35,12
721,"female",24.725,22,13
722,"male",38.013,57.5,11
723,"female",26.792,25,12
724,"female",78.513,20,15
725,"male",97.319,74,20
728,"male",20.133,30,12
730,"male",70.604,100,15
731,"male",46.018,40,12
732,"male",51.017,35,12
733,"female",27.489,28.82,13
745,"female",31.508,41,12
746,"female",65.278,35.5,13
747,"male",70.368,50.3,12
748,"female",23.929,34,13
751,"male",28.746,55,16
752,"female",80.463,120,19
755,"female",54.906,37,12
756,"female",20.084,26,12
757,"female",31.118,35,14
758,"female",11.905,20,12
761,"female",55.614,25,15
762,"male",48.786,12,12
763,"male",34.18,23,12
764,"female",31.809,21,14
769,"male",34.236,3,12
772,"male",52.482,74,12
774,"male",53.534,35,14
776,"male",97.088,115,17
777,"male",79.85,85,16
778,"male",89.794,30,17
779,"female",60.353,26,14
784,"male",49.537,30,13
789,"female",42.361,15,12
792,"female",28.537,30,16
793,"male",61.347,30,16
796,"male",94.119,58,16
797,"male",68.375,72,12
799,"male",34.051,53,12
800,"male",32.078,54,14
801,"female",25.324,19.327,14
802,"male",17.362,30,12
804,"female",40.982,16,19
806,"male",13.465,35,12
807,"male",76.332,70,16
810,"female",91.719,115,16
811,"female",63.642,16,15
812,"female",86.99,10.5,16
813,"male",85.915,33,20
814,"female",19.541,16,12
815,"male",66.54,23.4,12
816,"female",39.343,29,16
817,"male",81.325,117,16
818,"male",35.569,85,13
820,"female",49.039,85,16
821,"female",99.18,34,18
825,"male",89.264,73,17
827,"male",92.042,169.541,20
829,"female",38.888,66,19
832,"male",38.997,20,12
835,"female",25.338,25,13
839,"female",4.208,30,15
843,"female",34.453,3,12
847,"male",22.976,67.5,16
849,"female",36.881,20,12
850,"male",82.62,85,13
851,"male",55.782,48,12
854,"female",50.954,22,12
856,"female",83.737,25,13
859,"male",23.25,46,12
860,"male",69.283,37.5,12
861,"female",49.173,29,12
862,"female",41.383,25,11
863,"male",38.088,125,12
866,"female",27.315,36,12
872,"male",71.872,176.354,16
874,"male",94.976,90,19
875,"female",25.657,40,12
878,"female",68.575,50,12
879,"female",79.765,52.9,20
881,"male",80.898,8,16
882,"male",64.498,42,16
883,"female",75.516,30,15
884,"female",98.089,52,18
885,"male",81.33,37,16
888,"male",21.826,50,12
889,"female",45.056,24,15
890,"male",82.756,183.306,19
891,"male",42.935,36,12
896,"female",98.804,15,16
898,"female",79.576,40,16
899,"male",83.208,31,15
902,"male",82.49,64.32,17
906,"female",93.511,90,19
907,"male",93.432,7,19
908,"male",82.465,37,16
909,"female",61.363,31.33,15
912,"female",91.404,34,16
914,"female",75.363,71.5,12
915,"female",92.122,57,14
916,"male",82.189,20,16
920,"male",86.877,120,16
921,"male",7.983,65,14
922,"male",55.885,90,12
929,"male",75.258,42,12
932,"female",26.769,30,12
935,"female",34.62,9.8,12
936,"female",58.404,15,15
937,"male",84.974,75,14
938,"male",21.712,38.5,12
941,"male",44.224,80,13
942,"female",55.978,43,12
944,"male",97.299,54,18
945,"male",51.523,37.3,16
947,"male",77.263,64,13
949,"female",64.067,70,12
950,"female",91.63,30,12
951,"male",52.109,72,12
952,"female",63.71,23.6,12
955,"male",45.546,40,12
956,"male",55.543,15,13
958,"male",41.439,35,12
959,"male",96.442,170.247,14
960,"male",88.979,150,15
961,"male",88.914,140,16
962,"female",67.25,45.5,14
963,"female",51.978,65,12
964,"female",28.308,48,12
966,"female",18.824,44,12
967,"female",17.834,56,12
968,"male",43.365,65,12
969,"female",44.379,31,12
970,"male",57.553,110,12
971,"female",53.275,3,12
972,"female",57.315,38,12
973,"male",65.073,42,12
974,"female",66.668,55,20
976,"female",62.466,51,18
990,"male",60.136,39,12
996,"male",30.891,60,12
997,"male",78.723,46,12
999,"female",67.602,27,16
1003,"male",61.145,70,16
1004,"female",27.973,56,14
1007,"male",47.45,125,12
1011,"male",34.339,45,12
1013,"male",91.199,25,14
1019,"female",100,29,17
1020,"female",98.236,84,17
1029,"female",26.365,17,12
1034,"female",12.727,23,7
1038,"female",64.065,24,14
1039,"female",71.23,44,15
1042,"male",28.954,26,12
1043,"male",3.732,16,12
1044,"male",4.871,25,12
1046,"male",70.337,0.063,19
1048,"female",3.156,13,12
1049,"female",84.635,51,18
1051,"male",87.785,67,18
1052,"male",89.341,183.467,18
1053,"male",73.413,394.058,16
1056,"female",15.555,24,12
1058,"male",34.012,47,14
1060,"male",33.045,12,12
1062,"male",58.977,115,12
1063,"female",45.58,20.518,12
1065,"female",70.03,20.16,12
1068,"male",0.958,12,9
1071,"female",8.758,12.649,12
1072,"male",35.78,65,18
1076,"female",43.456,40,14
1078,"female",88.023,61,16
1080,"female",68.497,7.5,12
1081,"male",76.163,38.262,14
1082,"female",71.597,70,16
1085,"male",65.317,36,12
1086,"female",77.119,67.5,18
1089,"male",1.672,35,9
1090,"female",12.621,1.3,9
1091,"male",51.083,24,10
1092,"male",59.139,15,12
1093,"female",50.614,35,16
1096,"male",15.428,48,12
1097,"male",97.926,59,14
1098,"male",98.356,108,20
1101,"female",89.998,50,19
1102,"male",44.711,0.429,15
1104,"female",55.829,90,15
1105,"female",65.903,61,18
1106,"female",87.203,35,16
1111,"female",44.401,44,12
1114,"female",31.751,50,12
1116,"female",31.89,30,14
1118,"female",22.955,80,12
1122,"male",99.147,37,16
1130,"female",50.405,5,12
1134,"male",65.998,53,11
1138,"male",58.192,58,16
1139,"female",72.569,60,16
1141,"female",17.614,30,12
1143,"male",83.528,180.124,16
1144,"male",79.836,248.713,16
1147,"female",58.247,6.5,12
1148,"male",2.509,31,11
1153,"male",4.843,2.3,10
1155,"female",25.334,52,14
1156,"male",39.245,25,12
1157,"female",70.82,63,16
1158,"female",27.018,31,14
1159,"female",45.679,30,15
1160,"female",34.867,20,14
1163,"female",20.274,25,14
1166,"female",42.776,20.609,13
1169,"male",53.364,130,12
1176,"male",62.064,77,16
1179,"female",74.366,35,12
1181,"female",64.846,150,13
1182,"female",91.545,48,18
1184,"female",90.731,95,16
1185,"male",100,268.384,20
1186,"male",58.93,140,16
1187,"female",86.394,39,19
1188,"male",79.064,130,15
1200,"female",49.449,9,16
1208,"female",82.941,120,20
1221,"female",0.899,16.2,12
1222,"male",7.51,38,12
1223,"female",1.552,15,13
1224,"female",15.04,12,13
1233,"female",36.925,42,14
1237,"male",29.091,24,12
1238,"female",54.782,62,13
1240,"female",70.563,52,18
1247,"male",12.838,8,12
1249,"male",64.562,80,12
1250,"female",31.365,17,12
1251,"female",36.464,31,12
1252,"female",54.28,16,17
1253,"female",52.948,21.6,12
1255,"female",93.903,87,18
1256,"male",17.735,50,13
1257,"male",34.121,23,12
1258,"female",62.762,3,14
1260,"male",10.889,35,9
1261,"female",66.079,50,14
1268,"male",98.102,90,16
1272,"male",37.465,39,12
1273,"male",68.375,24,13
1276,"female",92.033,46,16
1279,"female",81.419,24,15
1286,"female",6.841,32,16
1287,"male",7.088,50,14
1288,"male",10.393,21,14
1290,"female",38.983,36,14
1291,"male",8.107,16,13
1293,"female",35.191,36,16
1294,"male",51.781,209.138,15
1301,"male",27.851,25,14
1311,"male",46.54,130,16
1312,"female",41.138,18,12
1315,"male",70.51,257.286,15
1318,"male",22.661,37,8
1319,"male",6.629,43,12
1320,"male",100,78,13
1321,"male",51.798,56,13
1323,"female",85.328,42,17
1325,"male",82.181,80,16
1327,"female",59.279,53,12
1338,"male",66.383,42,13
1344,"female",67.442,72,18
1347,"female",50.056,157.28,16
1351,"male",54.619,13,12
1353,"male",50.963,20,12
1357,"male",5.401,38,12
1359,"female",61.346,40,18
1360,"female",28.956,27,12
1362,"female",96.033,70,17
1366,"female",36.305,29.8,12
1367,"male",85.66,16,16
1368,"male",96.899,39,16
1374,"female",69.216,15.7,16
1383,"male",2.991,80,12
1384,"male",13.4,26,12
1385,"female",44.576,34,13
1386,"male",24.991,52,12
1393,"male",66.493,79,15
1394,"female",67.269,62,16
1395,"female",45.317,63,20
1397,"male",26.78,45,12
1399,"female",74.636,45,14
1411,"female",45.789,16,14
1413,"male",1.65,19,11
1416,"female",20.731,12,12
1417,"male",24.893,31,12
1418,"male",61.57,41,12
1419,"female",4.111,22,12
1425,"male",77.186,38,12
1426,"female",54.506,38.685,12
1429,"male",82.219,30,16
1432,"male",18.811,42,16
1433,"male",36.667,50,17
1434,"male",1.985,31.98,11
1436,"female",8.681,10,11
1438,"female",4.199,27,12
1440,"female",10.283,22,13
1455,"female",14.511,25,7
1459,"female",85.258,40,14
1462,"male",33.171,28.6,12
1468,"male",36.634,29,12
1470,"female",64.514,35,18
1471,"male",15.586,50,8
1477,"male",48.936,70,16
1479,"male",97.372,100,18
1481,"male",49.641,71,16
1484,"female",2.513,40,13
1487,"female",42.852,45,13
1490,"female",19.642,25,12
1491,"female",14.083,39,13
1492,"male",82.535,45,14
1493,"female",65.038,245.549,12
1495,"female",19.342,15,12
1499,"female",47.406,16,12
1500,"male",24.715,50,12
1501,"male",97.458,60,17
1502,"female",98.242,12,16
1503,"male",84.661,58,20
1506,"male",88.937,42,12
1507,"female",60.833,22,12
1508,"male",96.289,35,14
1509,"male",90.493,25,17
1510,"female",66.956,26,16
1512,"female",80.758,15,15
1514,"female",45.16,51,13
1515,"male",44.773,67,12
1516,"female",8.674,23.3,12
1521,"male",21.457,41,12
1522,"female",67.176,51.3,16
1527,"male",2.099,28,12
1529,"female",35.947,23,13
1530,"female",30.909,28,15
1531,"female",44.428,26,12
1532,"female",57.544,17.407,12
1534,"female",27.174,52,12
1538,"female",30.59,45,18
1539,"female",77.51,30,12
1541,"female",22.337,41.4,12
1547,"male",43.214,85,11
1548,"female",40.716,4,10
1551,"female",25.797,19,12
1552,"female",24.669,9.2,16
1553,"female",79.584,40,12
1554,"male",52.176,59,12
1555,"male",69.185,28.352,14
1556,"male",69.556,32.176,12
1558,"female",60.233,12,14
1560,"male",21.06,19,12
1564,"female",84.972,3.4,16
1566,"female",65.249,39.1,15
1568,"female",79.707,6,14
1569,"male",72.895,63,16
1571,"female",77.537,45,15
1574,"male",90.317,47,16
1575,"male",33.184,171.551,14
1577,"male",60.11,59,12
1580,"male",21.756,56,12
1585,"male",54.802,60,12
1586,"female",69.894,54,15
1587,"female",92.892,27.3,16
1590,"male",22.782,16,12
1591,"male",33.418,7,12
1592,"female",27.228,10,12
1593,"female",14.232,17,12
1595,"male",44.794,120,12
1597,"male",67.922,52,12
1598,"female",70.988,35,14
1599,"female",43.417,24,12
1601,"male",53.921,368.302,16
1602,"male",54.571,90,12
1603,"male",45.157,20,17
1605,"female",40.773,40,12
1607,"female",48.83,19.2,12
1608,"female",58.11,11.04,12
1610,"female",29.107,18,12
1617,"female",21.965,20,12
1619,"male",58.937,65,18
1621,"female",87.899,35.942,17
1622,"male",55.357,60,16
1626,"male",96.046,73,16
1627,"male",36.485,20,12
1629,"female",65.439,100,12
1631,"male",96.226,85,16
1632,"male",98.63,100.035,18
1633,"female",86.213,100,20
1635,"male",53.399,40,12
1636,"male",49.697,56,12
1637,"male",60.861,15,12
1640,"female",51.871,48,12
1641,"male",62.029,110,12
1642,"female",1.532,75,14
1644,"male",43.409,9.4,15
1651,"male",71.136,153.334,12
1656,"female",51.885,33,12
1659,"male",61.986,26,14
1670,"male",96.168,105,16
1719,"female",48.05,60,18
1720,"female",25.265,45,14
1721,"male",7.672,80,12
1725,"female",7.182,25,11
1729,"female",30.508,24,12
1730,"female",66.596,52,17
1733,"female",84.465,115,16
1735,"female",63.611,3,17
1739,"male",95.901,10,15
1740,"female",49.857,19,16
1744,"male",67.544,60,13
1746,"male",96.851,116,19
1750,"male",47.189,44,12
1751,"female",4.888,35,13
1758,"female",5.654,13,15
1763,"male",69.733,22,16
1766,"female",78.662,12,16
1768,"female",36.71,8,12
1769,"female",27.375,29.515,12
1775,"female",35.079,34,13
1778,"female",46.099,8,14
1779,"male",28.861,74,11
1780,"male",73.734,40,14
1781,"male",39.081,100,15
1784,"male",81.518,45,15
1785,"female",9.875,29,15
1786,"female",37.054,46.8,12
1787,"female",47.805,52,17
1788,"male",77.653,56.856,12
1790,"male",71.533,34,12
1792,"male",87.518,15,14
1795,"female",40.415,108.888,20
1797,"female",56.703,3.04,9
1798,"female",85.903,27.1,15
1802,"male",77.562,27.915,12
1803,"female",70.548,36,19
1804,"female",91.449,12,17
1808,"female",89.408,125,16
1810,"male",53.687,155.867,13
1819,"male",79.036,29,15
1820,"male",13.65,8,8
1824,"female",6.023,19,9
1826,"female",62.879,45,12
1831,"female",24.374,64,15
1835,"male",30.175,40,12
1836,"male",51.237,50,14
1837,"male",17.492,32,13
1838,"female",13.046,17,12
1839,"female",6.12,18,12
1841,"female",92.678,85,20
1844,"female",87.281,188.404,18
1846,"male",73.252,192.896,18
1847,"female",74.288,68,14
1848,"female",29.189,46,13
1858,"female",75.798,68,18
1860,"female",40.414,29,12
1862,"female",31.547,0.9,12
1863,"female",61.428,20,12
1865,"female",27.567,28,12
1866,"female",42.755,25,12
1867,"male",89.968,52,12
1868,"female",35.098,26.5,13
1869,"male",26.004,14,12
1872,"male",18.192,35,12
1873,"male",16.817,22,12
1875,"male",90.923,130,18
1878,"female",29.321,8,12
1880,"female",88.272,30,20
1881,"male",42.474,40,12
1884,"male",42.428,12.5,12
1885,"female",65.232,35,16
1887,"male",9.128,11,12
1889,"male",42.279,35.675,13
1890,"male",13.298,18,12
1891,"male",46.449,26.8,12
1895,"male",84.709,83,14
1896,"female",85.085,28,18
1899,"male",24.004,32,12
1902,"female",48.953,40.574,12
1904,"female",86.141,26,12
1905,"female",58.233,45,12
1906,"female",97.146,25,18
1910,"male",55.765,55,12
1912,"female",49.375,25,14
1913,"female",41.544,14.103,14
1914,"male",95.324,48,19
1916,"male",66.692,74.481,19
1917,"male",27.775,48,12
1918,"male",74.519,68,12
1920,"male",57.75,2,14
1924,"male",39.286,65,16
1925,"male",66.523,44,12
1926,"female",31.904,16,12
1927,"female",53.586,21.455,12
1929,"female",95.734,81,14
1930,"male",95.174,45,16
1944,"male",82.351,86,14
1947,"female",41.857,16,12
1950,"male",63.15,22,16
1951,"female",45.219,42,18
1952,"male",46.049,85,17
1953,"female",87.413,24,19
1954,"female",87.743,4,16
1955,"male",79.36,60,14
1957,"male",10.797,47,12
1958,"male",79.33,45,15
1959,"male",29.263,36,12
1961,"male",48.541,100,12
1962,"female",10.28,25,12
1963,"male",63.4,67,12
1964,"male",29.838,30,12
1965,"female",52.187,25,12
1966,"male",85.623,42,12
1967,"female",61.486,40,16
1971,"male",51.182,65,12
1975,"male",80.742,41,12
1976,"female",64.089,36,16
1977,"male",37.901,50,12
1978,"male",29.377,48,14
1985,"female",59.974,25,12
1986,"female",69.903,23,14
1988,"male",15.656,46,12
1990,"female",63.26,26,12
1992,"male",24.185,68,13
1994,"female",75.484,28,13
1995,"female",33.083,3,15
1996,"male",53.612,32,12
1998,"male",59.463,9.724,12
1999,"female",67.772,46,19
2002,"female",35.088,12,12
2003,"female",13.023,8,12
2005,"male",84.088,78,16
2007,"male",92.051,143,14
2010,"male",75.4,12,19
2011,"female",70.191,25,15
2012,"female",39.888,32,12
2013,"female",86.555,9.2,12
2014,"male",54.184,27,12
2018,"male",72.231,27.64,12
2020,"male",23.806,26,12
2024,"male",89.508,65,15
2027,"female",93.336,9,19
2029,"male",93.935,135,20
2030,"female",77.209,5.5,18
2031,"male",2.044,36,11
2032,"male",22.171,32,12
2033,"male",66.318,157.117,12
2034,"male",56.852,52,16
2035,"female",78.055,25,12
2037,"female",91.541,2.7,19
2038,"male",97.36,162.919,18
2040,"male",85.929,14.969,14
2041,"male",72.82,20,14
2042,"female",91.215,6,18
2045,"male",56.026,30,12
2046,"female",27.156,24,12
2047,"male",73.594,55,13
2049,"female",88.874,33,16
2051,"male",6.945,20,11
2055,"male",68.805,30,12
2056,"male",57.501,135,16
2057,"female",31.002,9,15
2061,"female",88.199,50,16
2062,"female",39.555,110,18
2066,"female",27.605,29,12
2067,"male",43.433,60,12
2068,"female",55.547,35,16
2070,"female",13.237,60,12
2071,"female",88.381,1,14
2072,"female",89.269,4,12
2073,"female",85.923,22,12
2074,"female",77.334,58,12
2075,"male",59.435,66,12
2076,"female",30.985,39.144,12
2079,"female",38.187,28,12
2080,"male",59.98,17,12
2081,"male",51.661,46,12
2083,"female",94.93,26,16
2086,"male",39.837,27,12
2087,"male",48.513,40,12
2088,"female",56.782,30,14
2089,"male",20.616,40,12
2090,"male",22.22,37,12
2093,"male",69.551,48,12
2094,"female",7.262,29,12
2096,"male",32.475,92,16
2097,"male",34.695,71,12
2099,"female",35.591,62,13
2100,"male",89.871,52,12
2101,"male",81.726,90,12
2102,"female",41.532,24,12
2104,"female",68.95,34.5,12
2106,"male",37.24,52,12
2107,"male",73.284,5.1,14
2113,"male",96.423,100,19
2119,"female",60.326,9,14
2120,"female",51.624,4,14
2122,"male",9.545,26,12
2123,"female",60.172,33.6,18
2124,"female",84.248,115,16
2126,"female",72.964,42,17
2132,"female",55.993,104,14
2133,"female",48.488,39.4,15
2134,"female",9.566,10,9
2135,"male",18.212,70,12
2136,"female",55.103,34.5,17
2138,"male",71.84,36,12
2140,"female",40.889,55,12
2144,"male",94.079,57,16
2145,"male",61.172,50,13
2146,"female",55.691,14,12
2147,"male",77.202,34,14
2148,"female",63.751,16.557,15
2152,"female",46.721,28,12
2153,"female",37.209,12,12
2156,"female",53.265,40.5,12
2157,"male",37.901,24,12
2158,"female",63.872,3.6,12
2159,"male",66.343,70,16
2163,"male",28.73,60,14
2164,"female",64.628,69,18
2165,"female",26.635,12,12
2167,"female",31.225,48,16
2168,"male",88.021,57.6,16
2169,"male",68.018,57,13
2172,"male",35.637,63,14
2173,"male",61.735,52,12
2178,"male",72.005,44,16
2180,"male",45.257,40,12
2182,"male",75.725,65,12
2187,"male",36.06,90,13
2188,"male",17.457,36,14
2190,"female",22.95,18,13
2194,"male",13.425,30,9
2196,"female",42.225,5.28,12
2200,"female",96.691,65,17
2201,"female",36.411,32,12
2202,"male",81.08,35,16
2203,"female",26.932,22.5,12
2204,"female",61.699,26.074,15
2205,"female",53.188,52,14
2207,"male",70.593,30,14
2208,"male",23.7,25,12
2209,"male",18.385,36,13
2214,"female",34.895,11,15
2216,"male",49.406,43,12
2218,"male",63.184,70,16
2220,"male",97.867,82,16
2222,"male",92.442,46,16
2223,"male",39.914,55,12
2224,"female",17.081,5,10
2225,"female",16.597,56,12
2227,"male",36.775,28.263,12
2229,"female",64.933,33,12
2230,"female",88.797,40,16
2237,"female",92.195,64,18
2243,"female",68.307,30,16
2247,"female",68.218,58,12
2250,"female",9.393,20,12
2251,"female",6.124,7.225,12
2254,"female",5.171,30,10
2255,"male",16.2,45,8
2261,"male",7.878,32,12
2264,"male",42.749,13,12
2265,"female",20.49,15,14
2266,"male",5.007,15,12
2270,"female",21.855,15,12
2271,"female",18.606,13,12
2278,"female",77.514,49,15
2284,"female",95.913,50,13
2285,"female",72.013,55,20
2286,"female",96.655,26,16
2291,"male",95.949,60.2,16
2299,"female",97.706,47,16
2301,"female",86.817,71.5,16
2302,"male",80.788,112,17
2304,"male",38.541,50,12
2313,"female",49.802,25,12
2314,"male",61.328,50,12
2316,"male",24.702,30,12
2318,"male",61.993,43,9
2322,"female",63.353,46,12
2323,"male",39.111,100,16
2324,"female",65.301,102,16
2326,"male",28.79,44,12
2327,"male",65.774,26,12
2328,"female",86.148,31,16
2329,"male",69.687,40,16
2332,"male",71.851,26.524,15
2333,"female",53.448,85,13
2334,"male",29.171,37.5,12
2337,"female",74.637,35.65,14
2339,"female",98.849,235.236,19
2341,"male",78.245,68,14
2344,"male",9.97,44,14
2348,"female",2.093,14.56,10
2360,"female",43.07,18.5,17
2361,"male",3.283,99,12
2372,"male",93.923,65,16
2375,"female",55.494,80,13
2376,"male",71.019,60,13
2380,"male",73.886,22,12
2382,"male",44.078,40,15
2383,"female",45.054,8.5,12
2385,"male",65.8,62,14
2386,"male",57.65,68,15
2394,"female",75.648,60,12
2396,"female",6.227,13.986,12
2398,"female",24.581,32,10
2400,"female",83.187,24.024,12
2401,"male",26.892,48,12
2403,"male",9.333,18,11
2404,"female",34.726,28.8,12
2410,"female",41.414,13,14
2412,"female",35.114,15,12
2413,"male",14.248,40,12
2415,"male",87.508,55,14
2417,"male",23.088,42.5,13
2418,"female",34.796,35,12
2419,"male",24.569,55,10
2420,"female",32.849,7.5,12
2425,"male",7.627,35,12
2426,"female",32.946,8.2,13
2427,"male",47.464,75,12
2434,"female",62.347,20,12
2435,"female",89.248,35,12
2436,"female",44.875,78,12
2437,"female",79.569,125,14
2438,"male",88.511,90,17
2439,"male",68.273,32,12
2442,"female",45.63,79,18
2443,"male",56.491,36,14
2444,"female",55.573,50,16
2447,"female",48.144,37.77,13
2450,"female",39.399,14.75,12
2451,"male",57.518,23.1,12
2452,"female",41.091,30,12
2459,"female",26.828,4.56,12
2460,"male",38.338,10.875,12
2461,"female",62.172,61,17
2462,"female",32.803,18.42,11
2464,"male",84.734,185.95,13
2466,"male",19.489,22,10
2470,"male",67.455,46.5,12
2471,"female",38.305,20,12
2473,"female",97.301,42,12
2474,"female",84.254,10.574,14
2475,"male",74.784,56,12
2477,"male",75.661,33,15
2478,"female",37.129,20.376,12
2479,"male",69.48,25,12
2483,"female",21.622,29,12
2485,"female",25.739,18,11
2489,"male",57.85,30,13
2494,"male",79.94,72,16
2523,"female",90.558,48,14
2526,"male",58.333,80,17
2527,"male",9.203,60,12
2528,"female",13.091,6,12
2529,"female",28.439,5,12
2530,"female",18.716,27,12
2535,"male",24.83,41,12
2537,"male",35.987,13.1,12
2539,"male",29.224,38,12
2540,"male",30.17,25,12
2541,"male",98.399,70,12
2542,"female",62.877,12.8,13
2544,"female",38.63,98,16
2545,"male",75.455,103,16
2547,"male",42.818,52,12
2549,"female",92.726,38,18
2550,"male",65.344,36.66,16
2551,"female",99.523,39.5,16
2552,"female",86.171,33.5,16
2553,"male",72.096,39.8,12
2556,"female",70.61,19,12
2557,"male",93.207,96,16
2558,"female",74.219,61,19
2559,"female",71.891,49,14
2564,"female",30.568,16,12
2565,"female",97.161,44,16
2566,"female",74.666,32,14
2568,"male",76.751,25,14
2569,"female",88.401,24,18
2570,"female",75.897,15.3,16
2572,"male",66.774,70.5,16
2574,"male",37.594,32,12
2578,"male",7.222,22,12
2579,"male",98.327,26.35,12
2582,"male",20.223,34,12
2584,"male",10.007,44,12
2585,"female",51.366,56,13
2587,"male",6.212,25.5,7
2588,"female",97.318,70,18
2589,"male",94.663,125,20
2590,"female",87.121,60,16
2591,"female",66.724,34,12
2592,"female",43.541,22.8,12
2594,"male",34.866,62,12
2602,"male",73.986,37,13
2603,"female",86.396,41,19
2606,"female",78.782,51,16
2607,"female",90.608,35,16
2610,"male",81.963,25,12
2613,"male",75.03,40,13
2614,"male",23.741,50,12
2615,"female",76.118,17,12
2616,"male",56.648,95,14
2620,"male",67.777,59.5,14
2622,"female",93.856,33,20
2626,"female",63.94,38,20
2628,"female",77.623,8,18
2629,"female",58.878,39.264,12
2630,"male",74.682,70,17
2633,"male",99.581,92,16
2636,"female",58.714,40.5,18
2637,"male",91.219,48,16
2642,"male",94.6,68,18
2646,"female",74.779,90,18
2647,"male",47.616,220.904,14
2649,"male",98.587,37,18
2650,"male",57.532,15,12
2651,"female",44.873,3.983,12
2652,"female",53.648,31.658,12
2653,"male",4.107,20,6
2654,"female",17.893,20,12
2655,"female",7.355,5.3,10
2658,"male",4.014,8,12
2659,"female",13.369,2,12
2661,"male",7.37,18.674,9
2665,"male",21.392,24,12
2666,"male",1.722,13.7,9
2669,"female",8.169,5,12
2670,"female",30.126,23.5,12
2672,"female",13.722,11,12
2675,"female",16.569,17,7
2676,"male",2.64,27,10
2677,"female",30.421,22,13
2679,"female",50.68,3.89,12
2682,"male",5.464,12,12
2683,"female",1.949,30,11
2684,"male",78.514,40,20
2685,"male",87.232,58,17
2688,"male",74.478,32,14
2689,"female",38.206,30,12
2690,"female",34.223,28,12
2694,"male",57.714,25,15
2695,"female",63.262,80,20
2696,"male",47.892,46,14
2698,"female",2.09,6,6
2699,"female",7.961,8,12
2701,"female",25.652,88,16
2702,"male",73.187,91.5,16
2703,"male",56.056,125,16
2705,"female",1.93,14,9
2706,"female",22.776,36.5,12
2707,"male",12.32,24,12
2708,"male",13.404,25,12
2709,"female",34.134,16.257,12
2710,"female",6.748,26,12
2711,"male",31.136,30.62,12
2714,"male",90.519,45,16
2716,"male",10.747,35,9
2723,"female",34.081,62,16
2724,"male",79.723,167.252,18
2725,"male",92.116,26,14
2727,"female",67.905,30.5,14
2728,"male",59.815,50,10
2729,"female",52.886,7,12
2730,"female",19.73,10,16
2732,"male",55.89,33.955,12
2736,"female",62.998,27,14
2744,"female",37.729,4,14
2745,"male",52.01,28,12
2746,"female",31.161,30,13
2747,"male",13.768,9.984,9
2748,"female",8.081,25,12
2760,"male",51.839,26,12
2765,"male",46.116,72,14
2767,"male",8.889,33,14
2770,"female",62.129,57,16
2771,"female",30.365,10,16
2772,"male",16.598,21,12
2773,"male",31.63,34,14
2774,"male",68.644,60,14
2775,"female",76.999,19.5,12
2780,"male",10.37,32,12
2781,"female",56.208,18,12
2797,"male",4.598,50,12
2800,"male",98.512,35,18
2803,"male",18.985,58,13
2804,"female",32.049,52,16
2809,"female",86.026,15,17
2810,"female",49.671,8,12
2811,"male",24.308,25,12
2813,"male",86.52,75,16
2815,"male",53.908,35,13
2816,"male",13.683,82,12
2823,"female",62.369,50,17
2829,"female",4.517,32,12
2830,"male",72.247,19,12
2832,"male",47.307,48,12
2838,"male",95.237,69.5,16
2839,"male",73.761,71,13
2840,"female",95.131,88,18
2841,"female",96.898,50,14
2842,"male",87.04,94,14
2845,"male",100,70,20
2847,"female",99.445,48,19
2848,"female",97.137,19.285,16
2851,"male",96.763,357.31,18
2852,"male",33.73,33,12
2856,"female",56.854,16,14
2858,"male",84.767,56,12
2861,"male",97.983,124,17
2863,"female",41.306,40,12
2864,"female",32.795,22,12
2866,"male",57.774,120,13
2867,"female",27.951,10,11
2868,"male",56.211,74,16
2870,"male",74.671,126,18
2871,"male",56.887,80,18
2877,"female",84.187,45,14
2894,"female",94.588,166.924,16
2895,"male",81.941,194.031,16
2896,"male",85.579,162.733,18
2899,"female",62.044,30,16
2900,"female",98.481,0.5,18
2902,"female",98.731,33,20
2906,"male",84.155,85,19
2910,"female",93.168,35,18
2911,"female",4.106,2,12
2912,"male",36.386,15,12
2913,"male",12.978,42,13
2920,"male",52.232,75,12
2921,"male",39.227,60,12
2928,"female",96.193,10.088,16
2929,"female",84.197,46,18
2930,"female",70.097,32,16
2936,"female",70.882,40,18
2939,"male",98.472,65,15
2941,"male",92.533,180.621,20
2942,"female",18.324,10.372,13
2944,"male",64.365,32,12
2946,"female",85.937,62,16
2948,"female",79.666,12.5,16
2949,"female",52.547,20,16
2950,"male",81.036,93,16
2952,"female",54.754,35,14
2953,"male",33.606,85,10
2957,"male",80.16,35,20
2959,"female",77.435,110,20
2961,"female",78.001,68,19
2962,"male",59.686,140,16
2971,"male",2.081,2.1,9
2974,"male",31.213,89,12
2975,"male",95.172,42,14
2976,"male",68.2,53,12
2977,"male",40.065,40,12
2978,"female",36.622,9,12
2980,"male",98.312,0.17,20
2981,"male",53,18.3,13
2984,"male",96.417,359.118,16
2985,"male",90.461,100,16
2988,"male",78.044,100,16
2990,"female",74.992,5,12
2991,"female",60.487,45,16
2994,"male",64.927,97.2,12
2995,"female",28.057,24,12
2996,"male",68.855,60,14
2997,"male",56.956,74,12
2998,"male",65.906,42,12
3016,"male",79.756,85,16
3019,"male",63.843,85,18
3020,"female",47.078,10.8,12
3023,"female",35.837,30,12
3024,"male",27.309,85,13
3025,"female",94.201,1.5,14
3030,"male",9.639,28.5,11
3033,"male",75.947,150,18
3035,"female",71.321,30,12
3036,"female",84.533,52,12
3037,"male",72.993,72,12
3039,"male",71.201,65,12
3041,"female",92.464,12,13
3046,"female",13.119,30,12
3047,"female",35.153,7.2,13
3050,"male",3.838,60,8
3051,"female",42.04,17,12
3054,"female",29.399,15,12
3055,"male",18.999,30,12
3057,"female",19.496,18,12
3058,"female",49.827,77,14
3062,"male",82.256,282.588,16
3065,"female",10.181,25,12
3077,"male",16.973,70,12
3079,"female",55.687,30,12
3081,"female",63.437,37,12
3082,"male",58.906,25,12
3084,"male",89.903,183.223,16
3085,"female",87.496,25,16
3089,"male",93.403,13,15
3090,"female",73.371,31.6,12
3091,"female",39.958,41,14
3094,"female",14.147,2.2,12
3095,"female",42.733,18,12
3100,"male",27.065,50,12
3107,"female",65.348,22,15
3109,"female",98.588,58,18
3111,"female",80.097,43,18
3112,"female",44.232,105,18
3113,"female",40.008,40,12
3117,"female",64.261,87,14
3118,"female",35.994,28,12
3120,"female",34.968,1.2,13
3127,"male",16.094,22,12
3134,"female",21.288,6,12
3137,"male",85.855,120,18
3138,"male",37.729,50,12
3140,"male",52.478,73,13
3141,"male",94.082,80,16
3142,"male",100,106,18
3143,"female",50.223,53,16
3145,"female",80.71,5,16
3146,"female",74.184,62,17
3150,"female",85.289,138,16
3151,"female",39.186,47,12
3153,"female",79.758,151.083,16
3154,"female",87.711,10,16
3157,"female",56.562,60,16
3159,"male",69.35,40,16
3161,"male",49.448,30,15
3163,"female",35.413,34,12
3168,"male",90.399,115,19
3170,"male",98.699,268.323,19
3171,"male",96.789,152.84,18
3173,"male",96.915,125,20
3177,"male",15.835,55,12
3192,"male",31.785,28,12
3194,"male",25.518,40,12
3195,"male",59.617,48,12
3196,"male",66.428,72,12
3197,"female",43.955,31.5,12
3198,"female",69.661,53.6,19
3199,"female",16.749,29.5,12
3201,"female",88.518,32,14
3205,"female",83.732,90,16
3208,"male",92.189,135,16
3215,"male",68.957,40,12
3218,"female",50.82,6,13
3219,"male",60.974,72,14
3221,"female",87.803,67,12
3224,"male",77.251,130,18
3225,"female",81.344,6.7,14
3230,"male",8.961,80,10
3231,"female",61.426,41.6,14
3232,"male",45.018,27,14
3234,"female",64.311,30,15
3235,"male",74.936,26,12
3236,"female",69.055,3,12
3237,"female",45.032,42,13
3238,"female",85.024,28,19
3239,"male",63.447,30,17
3240,"male",96.819,46,19
3242,"female",55.896,9,12
3243,"female",58.532,50,16
3244,"female",82.18,24,18
3246,"male",38.573,49.4,12
3249,"female",56.14,25,14
3250,"female",99.453,12,14
3252,"female",28.527,29,12
3254,"female",67.565,26.8,12
3256,"male",97.873,80,20
3257,"male",98.634,75,18
3263,"male",96.452,89,16
3266,"female",44.505,0.25,16
3267,"male",78.896,23,12
3269,"female",47.051,17,14
3273,"female",10.456,24,12
3277,"male",84.126,60,12
3278,"female",60.446,0.147,19
3281,"male",55.405,37,13
3282,"male",33.772,52,13
3284,"male",50.333,113,15
3285,"female",14.453,30,12
3287,"female",39.989,1.8,13
3289,"male",94.381,140,16
3290,"male",93.795,150,20
3303,"female",94.269,18,16
3307,"male",21.33,20,15
3308,"female",20.264,20,14
3309,"female",92.951,54,17
3310,"male",27.814,32,12
3311,"male",18.024,25,11
3312,"female",6.887,24,15
3319,"male",15.354,6,10
3321,"female",12.579,21,10
3324,"male",30.357,96,12
3325,"female",4.022,0.3,12
3329,"male",70.007,45,12
3330,"male",21.713,145,13
3331,"male",18.388,32,13
3337,"female",89.081,89,18
3338,"female",89.463,2,16
3341,"female",38.607,39,18
3343,"female",24.527,19.968,10
3346,"male",19.847,58,12
3347,"female",35.431,40,12
3350,"female",59.694,10,14
3352,"female",76.359,1.2,16
3353,"male",16.881,44,12
3354,"male",32.157,10,14
3355,"female",62.443,50,14
3356,"male",43.776,2,14
3357,"male",63.141,150.49,18
3359,"male",72.763,45,15
3360,"female",67.272,32,16
3361,"male",75.092,703.637,20
3374,"male",51.063,68,12
3375,"male",48.318,50,14
3376,"male",74.979,73,18
3378,"female",58.958,8.22,16
3379,"male",81.031,99,18
3380,"male",90.763,0.9,14
3381,"male",79.141,125,12
3387,"female",65.907,45,16
3389,"male",72.59,60,12
3390,"male",80.348,80,20
3391,"male",100,30.824,17
3392,"male",33.465,45,13
3393,"female",27.639,25,17
3394,"male",65.826,85,19
3397,"female",48.483,13,12
3401,"male",35.316,32,13
3403,"male",52.847,120,12
3405,"male",95.206,43.5,13
3406,"female",87.896,38.5,17
3410,"male",73.196,65,16
3413,"female",73.678,36,12
3417,"male",41.461,8,12
3418,"female",46.63,46,12
3420,"male",76.206,72,14
3421,"female",77.549,105,13
3422,"female",75.246,2,18
3423,"female",89.754,27,16
3424,"female",86.745,33,14
3425,"male",79.069,77,13
3429,"female",84.702,0.2,16
3431,"male",100,171.428,17
3432,"female",92.486,24.626,13
3433,"female",68.906,4,16
3436,"female",0,8,8
3438,"female",0,14,7
3440,"male",12.346,61,11
3444,"female",25.156,19.2,12
3452,"female",44.827,20,12
3455,"male",63.061,61.2,12
3456,"female",39.194,10,12
3457,"female",14.135,26,14
3458,"female",25.83,28,14
3463,"male",63.241,57,16
3464,"male",96.279,96,16
3465,"female",82.154,35,12
3466,"male",88.224,60,16
3467,"female",43.428,17,12
3468,"male",94.705,72,15
3471,"male",18.838,40,12
3475,"female",18.263,26,12
3477,"female",63.21,18.52,14
3479,"male",39.476,80,12
3481,"female",65.371,47,14
3482,"male",14.447,65,13
3487,"female",34.632,39,12
3491,"female",21.083,13,12
3492,"male",66.416,47,12
3493,"male",56.788,40,12
3494,"male",51.167,87,13
3495,"male",36.121,80,12
3496,"female",63.829,24.6,14
3497,"male",91.675,77,15
3502,"female",43.096,41,12
3503,"male",56.814,88,12
3505,"female",56.313,67,14
3506,"female",79.063,18,16
3508,"female",21.706,18,12
3511,"female",81.893,16,12
3513,"male",18.312,27,12
3514,"female",74.184,24,12
3515,"male",99.396,97,18
3521,"male",40.802,44,14
3522,"female",13.607,0.5,12
3524,"female",27.02,52,13
3527,"female",58.406,3.8,12
3530,"male",95.493,62,16
3531,"female",65.807,11,13
3533,"male",85.393,135,14
3535,"female",92.404,82.376,19
3537,"female",38.672,26,12
3538,"male",67.319,33.9,12
3540,"male",36.551,37,11
3543,"female",29.695,18,12
3544,"female",5.665,3.2,12
3545,"female",40.382,31,14
3546,"female",55.054,65,15
3547,"female",40.401,35,14
3548,"female",23.819,40,14
3549,"female",29.121,1.5,12
3550,"male",62.616,25,12
3551,"female",95.741,65,16
3552,"female",83.704,38,14
3553,"male",78.494,55,12
3554,"female",65.232,38,10
3558,"female",72.743,96,17
3559,"male",83.662,60,12
3561,"male",4.231,42,12
3562,"male",16.231,5,12
3563,"male",25.734,34,12
3565,"female",84.823,36,12
3567,"male",62.489,2.76,14
3569,"male",19.175,42,12
3570,"male",4.347,56,9
3572,"female",18.677,14,10
3574,"female",98.092,47,12
3575,"male",28.797,56,12
3579,"male",42.908,45,12
3580,"male",75.229,36,12
3581,"male",55.513,129,16
3582,"male",77.911,150,18
3583,"male",99.022,100,19
3584,"female",18.188,16,12
3585,"male",94.65,159.168,16
3587,"male",76.091,43,14
3588,"male",71.155,60,18
3589,"male",51.56,50.987,12
3591,"male",77.562,4.471,12
3592,"male",61.802,56,12
3597,"female",54.584,7,14
3600,"male",57.648,60,12
3601,"female",79.229,40,16
3606,"female",57.872,35,13
3607,"male",32.823,16,11
3608,"male",90.06,69,16
3609,"female",50.181,39,14
3610,"female",18.919,7.9,15
3611,"female",45.548,15,12
3614,"female",91.863,10.18,19
3616,"male",91.974,35,12
3617,"male",78.008,89,16
3619,"male",88.649,32.5,18
3620,"male",38.967,32,12
3623,"male",92.432,35,16
3625,"female",92.207,26,16
3628,"male",50.492,189.21,17
3640,"male",1.107,21,12
3641,"female",44.391,51,18
3643,"female",33.724,38,17
3649,"female",12.016,29.4,12
3650,"female",33.934,32,12
3651,"female",50.502,65,16
3657,"male",8.601,38,11
3660,"male",6.285,23.4,12
3661,"female",38.955,4.5,14
3664,"male",78.053,68,18
3666,"male",89.195,36,13
3667,"female",76.656,6.36,14
3669,"female",93.677,10,16
3676,"male",90.283,74,16
3677,"female",90.778,60,16
3679,"female",67.885,85,15
3686,"male",76.418,69,16
3690,"male",97.84,138,18
3693,"male",33.068,30,9
3694,"male",40.937,56,12
3697,"female",23.181,5,12
3699,"female",11.84,20.477,12
3705,"female",71.213,45,14
3706,"male",37.08,42,13
3708,"male",87.553,144,12
3709,"female",57.749,30,16
3714,"female",64.857,25,15
3718,"female",47.308,28.013,15
3719,"female",29.347,29,12
3721,"male",83.258,52,12
3722,"male",53.708,55,12
3723,"male",45.716,16,12
3725,"female",40.026,23,13
3730,"female",87.574,25.275,14
3732,"male",99.473,36,12
3734,"female",83.973,30,15
3735,"female",59.053,60,12
3736,"female",69.238,49,12
3737,"female",44.255,58,12
3738,"female",34.888,18,12
3739,"female",68.557,16,12
3740,"female",16.42,20,12
3741,"female",31.36,9.3,12
3742,"male",38.276,98,9
3745,"male",95.983,32.089,16
3746,"female",28.755,16.39,12
3751,"male",60.681,45,12
3754,"female",81.924,33,12
3757,"male",97.506,95,18
3758,"female",86.305,11,13
3760,"male",54.302,33,12
3766,"male",73.454,78,15
3770,"female",54.943,52,12
3771,"female",87.764,32.253,18
3775,"female",71.105,53,16
3780,"male",66.841,55,12
3784,"female",35.256,29,12
3787,"female",50.928,12,15
3789,"male",59.009,52,12
3790,"female",39.133,22.049,12
3791,"female",73.529,47,14
3792,"male",94.762,88,17
3793,"female",49.422,55,14
3794,"female",66.337,30,15
3796,"female",94.245,34,12
3800,"female",65.354,8,17
3803,"male",81.774,69,18
3804,"female",80.927,40,18
3805,"male",78.523,95,16
3807,"male",49.038,51,15
3809,"female",93.854,100,16
3812,"female",100,100,16
3813,"female",88.799,44,14
3814,"female",62.096,42,12
3815,"male",90.913,263.445,16
3819,"female",11.317,15,12
3821,"female",2.531,1.5,12
3822,"male",6.558,5,12
3825,"male",9.201,22,12
3829,"male",49.06,167.803,12
3830,"male",44.827,45,12
3833,"male",50.489,40,12
3836,"female",90.79,110,19
3837,"female",57.761,35,12
3838,"male",57.333,85,12
3844,"male",84.585,65,14
3845,"male",54.553,24,12
3846,"female",74.995,52,12
3847,"male",46.544,67,12
3850,"female",64.154,32,12
3851,"female",33.379,16,12
3852,"male",50.215,14,12
3854,"male",67.468,169.884,20
3855,"female",93.686,16.5,20
3860,"male",97.808,55,19
3861,"male",91.35,25,16
3863,"male",92.504,157.957,19
3865,"male",92.807,176.431,20
3866,"male",74.6,35,18
3867,"female",70.7,1.2,14
3868,"male",85.012,43.45,18
3872,"female",96.59,30,16
3873,"male",99.342,50,20
3874,"male",97.67,519.34,16
3875,"male",90.868,92,16
3883,"male",82.984,45,15
3884,"male",75.101,74,16
3886,"male",99.6,101,17
3888,"male",79.761,58,13
3889,"female",86.544,15,16
3890,"male",83.431,150,18
3892,"male",93.865,102,16
3894,"male",92.888,62,18
3895,"male",93.615,20,20
3897,"female",51.486,90,17
3898,"male",75.594,110,16
3900,"female",26.617,32,12
3901,"male",84.705,45,15
3903,"female",63.919,5.2,17
3904,"male",74.43,51,18
3907,"male",82.183,54,13
3908,"female",50.191,30,13
3910,"male",69.363,40,16
3911,"female",77.538,29,18
3912,"female",60.383,80,15
3916,"male",77.034,97,18
3922,"female",87.206,22,16
3929,"female",26.367,10,12
3933,"male",3.486,50,12
3938,"female",1.849,22,12
3949,"male",25.725,39,15
3952,"female",33.771,50,16
3957,"male",46.335,68,12
3958,"male",13.954,40,12
3960,"female",16.305,38,14
3964,"female",79.54,39.5,17
3965,"male",69.89,108,15
3966,"male",78.668,155.485,20
3967,"male",64.451,125,16
3972,"female",80.035,28.5,17
3977,"female",16.627,0.6,12
3978,"female",17.848,3,14
3980,"male",100,444.624,16
3985,"male",23.502,50,13
3989,"male",37.626,52,13
3992,"female",36.821,39.9,13
3994,"male",51.047,26,12
3995,"female",22.435,36,13
3996,"female",5.375,40,14
4001,"female",72.427,7.8,13
4004,"male",60.943,46,12
4008,"male",13.462,79,13
4009,"male",68.077,25,14
4010,"male",81.673,50,19
4013,"male",13.418,36,12
4014,"male",27.247,62,12
4015,"female",38.207,22,14
4019,"female",96.219,99,17
4021,"female",52.841,27.3,13
4022,"male",22.701,90,12
4023,"female",99.7,65,16
4025,"male",31.798,24,12
4028,"female",24.289,24.5,12
4030,"female",53.094,15,16
4032,"male",84.93,35,12
4035,"female",57.901,25,13
4036,"male",44.242,52,12
4041,"female",74.218,32,13
4042,"male",65.827,68,15
4045,"female",29.591,50,16
4046,"male",13.281,18,12
4047,"male",8.404,2.4,9
4048,"male",79.94,25,12
4049,"female",41.698,90,12
4051,"female",85.097,1.748,13
4053,"female",52.676,50,18
4054,"female",33.359,45,14
4055,"male",93.952,206.869,18
4056,"male",68.436,50,16
4057,"female",70.04,35,16
4060,"female",84.638,6,14
4062,"male",78.162,52,12
4064,"male",91.216,20,12
4065,"female",69.495,9,12
4067,"male",40.633,30,12
4068,"male",11.904,22,8
4071,"female",20.078,15,12
4077,"female",60.404,15,12
4085,"female",27.619,11,12
4088,"male",78.525,222.924,13
4089,"female",43.387,20,12
4090,"male",41.162,58,12
4092,"female",60.81,42,18
4093,"female",76.602,65,18
4097,"female",87.379,66,12
4098,"male",12.622,38.8,9
4103,"female",40.437,36.5,12
4105,"female",29.923,3.408,12
4106,"male",94.695,62,16
4107,"female",97.965,52,19
4108,"female",57.772,23.9,16
4112,"female",2.455,5.7,12
4113,"male",8.489,9.6,12
4114,"male",59.908,34,12
4124,"female",64.006,61,18
4128,"male",38.548,40,12
4129,"male",64.073,45,14
4130,"male",0.094,32.5,12
4131,"female",80.354,50,13
4141,"male",48.239,6,12
4142,"female",30.605,20,12
4145,"female",28.605,25,12
4147,"female",59.747,32.624,16
4148,"female",27.311,49,15
4153,"female",50.374,75,15
4156,"male",11.085,68,9
4159,"male",20.127,30,12
4161,"male",58.278,45,12
4163,"female",82.644,29,12
4164,"male",67.035,20,16
4171,"male",92.381,90,16
4172,"male",88.546,34.9,16
4173,"female",9.084,12.5,12
4175,"female",1.181,26,12
4181,"male",35.322,15,11
4184,"female",42.385,25,12
4191,"male",91.533,85.3,18
4196,"male",2.393,23,12
4200,"female",17.959,32,15
4201,"male",7.973,62,13
4205,"male",4.197,32,12
4216,"male",71.015,48,12
4219,"female",31.476,42,14
4220,"female",46.677,15,12
4222,"female",73.808,23.031,12
4225,"male",45.245,20,16
4226,"male",92.621,85.605,20
4227,"female",88.047,47,18
4228,"female",20.119,75,13
4230,"male",90.242,89,14
4231,"female",53.729,10,14
4235,"male",13.072,2,10
4236,"female",85.846,58,13
4239,"male",37.655,48,12
4240,"male",63.549,50,12
4242,"male",43.806,48,12
4245,"male",64.895,75.21,15
4247,"male",29.616,90,13
4249,"female",65.798,26,12
4251,"female",25.167,62.5,12
4252,"female",67.444,41,14
4254,"female",54.546,8.9,15
4257,"female",46.367,34,16
4263,"male",18.668,16,12
4265,"female",57.462,27,13
4268,"female",82.756,84.6,12
4274,"female",14.209,11.55,12
4278,"male",62.811,80,12
4279,"male",65.452,150,12
4280,"female",96.079,49,16
4285,"male",50.641,40,16
4289,"male",95.554,162.66,20
4290,"female",92.849,75.419,20
4292,"female",69.935,38,14
4295,"female",41.293,76,14
4296,"female",54.79,40,16
4297,"male",62.172,88,13
4298,"male",92.568,91,18
4299,"male",73.296,42,16
4300,"female",86.907,56,12
4302,"male",80.481,53,20
4303,"male",53.555,32,12
4306,"female",86.339,32,18
4310,"female",53.549,40,13
4312,"male",1.645,18,12
4314,"male",32.908,30,12
4316,"male",31.008,8.5,14
4318,"male",70.744,32,14
4323,"female",37.618,15.5,13
4324,"male",12.131,58,12
4326,"female",60.762,13.2,12
4327,"male",78.064,38,12
4330,"male",6.546,50,14
4333,"male",39.194,20,12
4335,"male",15.933,67,11
4337,"female",68.129,23,14
4338,"male",58.604,22,12
4339,"female",65.355,12,12
4345,"female",34.151,14,12
4348,"male",61.514,93,14
4350,"male",90.927,26,16
4352,"female",82.053,30,16
4353,"female",67.705,120,16
4354,"female",51.38,20,15
4355,"male",68.338,22,16
4358,"male",95.835,50,15
4366,"female",78.596,70,15
4372,"female",96.974,102.5,18
4374,"male",22.964,30,12
4379,"female",84.654,38,13
4382,"male",98.695,18,16
4386,"female",22.421,19.9,12
4390,"male",25.824,34,12
4391,"female",62.689,3.5,13
4392,"female",76.762,37,16
4407,"male",93.654,185.662,16
4408,"female",77.518,92,18
4409,"male",29.568,50,13
4410,"male",58.528,63,16
4413,"female",11.248,30,16
4417,"female",4.607,19,10
4424,"female",86.364,93,19
4425,"female",93.673,22,18
4426,"male",95.855,211.052,16
4427,"male",52.997,45,12
4428,"female",99.032,42,19
4429,"male",93.797,49.938,19
4430,"male",76.715,48,15
4438,"female",31.428,95,13
4447,"female",81.671,45.291,14
4448,"male",94.559,95,16
4459,"female",38.478,9,12
4461,"male",9.581,18,12
4465,"female",63.042,15,14
4466,"male",46.534,80,16
4468,"male",63.044,79,13
4469,"female",14.771,31.2,12
4470,"male",60.473,75,18
4471,"male",93.33,140,20
4474,"female",8.147,30.7,10
4476,"female",21.407,25,8
4478,"female",85.068,53,14
4480,"male",87.942,202.617,16
4487,"female",73.85,33,12
4488,"female",94.247,108,13
4496,"female",60.869,47,12
4498,"male",61.509,39,12
4499,"female",51.094,54.3,14
4503,"male",4.853,18,11
4505,"female",22.243,25,12
4506,"female",17.592,30,14
4508,"male",57.865,72,16
4509,"male",98.905,72.899,14
4511,"male",68.723,125,14
4513,"male",72.061,48,15
4514,"male",83.129,125,15
4517,"male",26.623,146,16
4518,"male",30.349,70,15
4519,"male",38.736,50,12
4520,"male",49.905,40,12
4524,"male",65.975,50,12
4528,"female",65.668,62.987,14
4531,"male",66.623,113,16
4532,"male",70.375,73,16
4534,"female",72.163,35,13
4536,"female",57.342,11,13
4538,"female",41.962,40,12
4540,"male",32.671,57,16
4541,"female",7.177,35,12
4542,"male",7.817,34,13
4543,"female",18.514,1.8,12
4544,"female",2.96,12,12
4548,"male",89.282,100,16
4557,"female",4.899,6.58,12
4560,"female",64.81,21,14
4561,"female",63.671,16,12
4563,"male",43.186,60,12
4565,"female",42.885,98,16
4566,"male",74.431,90,12
4569,"male",76.485,85,12
4570,"female",84.593,72,17
4571,"female",48.11,27.359,14
4576,"female",35.674,16,18
4579,"male",84.059,35,14
4582,"female",55.052,50,13
4583,"male",70.638,21,12
4586,"male",85.959,38.154,12
4589,"female",35.236,38.2,12
4590,"female",74.952,58,17
4592,"female",35.574,48,17
4594,"female",35.76,25,12
4595,"male",41.056,95,14
4596,"male",66.351,65,12
4601,"male",17.388,30,12
4602,"female",60.716,10,14
4604,"female",42.318,27.412,12
4606,"male",83.831,15,16
4607,"male",58.25,55,17
4609,"male",91.857,194.757,20
4619,"male",12.411,9.5,12
4621,"male",66.439,24,12
4623,"male",22.535,62,12
4624,"female",38.467,27.581,15
4625,"female",81.014,77,15
4626,"female",65.198,130,20
4630,"male",44.75,130,12
4632,"female",60.639,45,16
4633,"male",35.588,90,13
4634,"male",68.487,355.767,18
4635,"male",92.94,70,17
4636,"male",31.028,99,14
4637,"female",1.32,25,12
4638,"female",4.875,17,12
4641,"female",63.72,18,12
4642,"male",55.007,90,13
4643,"male",24.298,56,14
4646,"male",36.39,24,12
4651,"female",49.157,25,13
4652,"male",92.296,60,16
4662,"female",98.483,52,16
4665,"female",83.307,15,14
4668,"male",81.304,209.4,16
4669,"male",30.372,40,14
4675,"female",48.409,38,13
4676,"male",86.921,45,12
4678,"female",14.358,5,12
4680,"male",71.684,14,12
4681,"male",10.844,3,10
4683,"female",74.499,10,18
4686,"female",85.163,84,17
4687,"male",84.843,68.651,13
4692,"female",97.585,29,19
4694,"female",69.189,4,15
4695,"male",92.725,91.5,16
4698,"male",69.532,108,16
4699,"male",60.14,137,14
4701,"male",59.027,197.062,12
4702,"male",85.659,100,14
4704,"male",66.998,5,15
4707,"male",65.045,72,12
4710,"male",13.195,15,12
4711,"female",23.091,40,12
4714,"female",64.763,45,12
4716,"male",8.573,58,12
4717,"female",44.228,3,14
4720,"male",50.743,67,12
4722,"male",44.638,35,12
4724,"female",8.594,8.4,12
4729,"male",45.692,15,14
4731,"male",16.497,20.017,11
4732,"male",19.224,21.424,12
4733,"female",16.996,12,11
4734,"female",23.5,12,12
4738,"male",59.362,75,14
4742,"female",100,30,16
4746,"female",44.275,36,12
4747,"male",11.038,12,12
4752,"male",60.219,42,12
4753,"female",89.164,33,16
4754,"female",87.349,67,18
4755,"male",56.643,54,12
4756,"male",100,163.271,18
4758,"female",84.623,60,18
4759,"male",41.732,62,12
4760,"male",95.519,34,17
4762,"female",39.656,8.6,12
4764,"male",31.668,55,12
4765,"male",66.229,70,12
4767,"male",100,40,19
4768,"female",88.406,30,13
4770,"male",56.987,31,12
4772,"female",45.131,24,12
4774,"female",44.272,4.8,12
4776,"male",11.451,41,12
4777,"female",34.099,22,12
4778,"female",29.236,26,12
4779,"male",16.44,27,12
4780,"female",34.125,25,12
4788,"male",43.564,66,12
4790,"female",44.281,13,12
4793,"male",86.859,115,16
4795,"female",89.109,70,16
4798,"female",90.344,90,19
4799,"male",93.854,40.5,19
4803,"female",82.637,19,13
4804,"female",53.937,12,12
4805,"male",61.977,90,15
4810,"female",74.194,50,13
4812,"female",98.187,80,16
4813,"male",62.75,74,14
4815,"female",90.394,58,14
4817,"female",60.664,35,12
4818,"male",81.962,21,12
4820,"female",79.014,25,16
4822,"female",44.296,30.775,12
4825,"male",81.855,42,14
4826,"female",71.626,57,18
4828,"male",83.353,66.768,16
4829,"male",90.563,126,16
4830,"male",93.01,344.856,16
4831,"male",95.503,54.5,18
4832,"male",77.854,57,14
4834,"male",56.188,80,16
4839,"female",62.465,14,13
4840,"male",84.43,24.226,15
4842,"female",55.403,37,18
4843,"male",54.678,45,16
4844,"female",30.696,6,14
4849,"female",44.859,20,12
4856,"male",72.897,60,14
4858,"male",75.431,64,12
4859,"male",91.95,36,14
4862,"male",92.938,39,13
4864,"female",41.211,8.575,12
4865,"female",69.395,25,15
4870,"female",81.774,6,18
4871,"female",95.394,34,16
4872,"female",28.043,56,17
4873,"female",89.918,55,16
4876,"female",67.661,35,12
4879,"male",65.964,26.5,12
4880,"female",53.053,27,14
4881,"male",66.586,80,14
4883,"male",50.386,47,13
4884,"male",67.232,33,12
4888,"male",57.352,38.083,12
4889,"male",78.181,65,14
4890,"female",38.555,22,13
4892,"male",56.759,72,16
4894,"male",77.629,81,16
4896,"male",80.642,90,16
4899,"female",15.864,20,14
4900,"male",55.398,50,12
4901,"male",23.682,32,11
4906,"female",8.811,7.3,12
4907,"male",86.847,188.255,20
4911,"male",70.097,6,12
4914,"male",25.611,29,12
4919,"female",38.709,52,18
4921,"male",92.503,92.5,20
4922,"female",63.204,17,13
4923,"male",22.076,22,10
4924,"female",43.271,33.5,13
4926,"male",51.554,48,12
4927,"female",83.641,159.193,16
4929,"female",49.657,17.9,14
4930,"female",41.842,18.839,13
4931,"female",81.658,33,14
4933,"female",62.784,39,15
4934,"female",23.927,25,12
4937,"male",7.135,22,8
4939,"male",60.522,41,16
4942,"male",13.494,54,12
4943,"female",31.353,42,14
4944,"male",82.469,75,16
4945,"male",25.492,35,12
4946,"male",2.893,43,8
4948,"female",26.901,18,12
4952,"female",23.721,26,12
4953,"female",74.689,22,13
4954,"female",73.712,78,18
4955,"female",64.713,40,12
4960,"male",21.164,60,10
4962,"female",74.484,36,13
4966,"female",47.582,32,12
4967,"female",64.114,32.5,13
4968,"female",90.36,66.948,14
4972,"female",33.643,3,13
4975,"female",92.247,60,18
4976,"female",85.066,94,15
4979,"male",70.51,58,12
4981,"female",27.358,35.1,14
4983,"male",21.009,8,12
4986,"male",16.841,410.008,12
4987,"female",86.508,15,15
4992,"female",32.249,30,12
4997,"female",75.073,62,15
4998,"male",80.394,69.6,20
5001,"female",67.504,30,17
5003,"female",70.669,228.453,19
5007,"male",18.04,63,12
5012,"male",87.153,215.765,20
5017,"male",84.38,115,14
5020,"male",91.144,39,17
5021,"male",94.331,44,17
5022,"male",79.135,80,15
5023,"female",78.873,39,19
5025,"female",64.441,40,13
5026,"female",58.229,42,15
5028,"female",96.183,153.447,17
5029,"male",100,120,16
5037,"female",25.844,18.23,14
5041,"female",13.195,14,12
5042,"female",11.369,29,13
5043,"female",36.172,29.993,13
5053,"female",18.631,60,13
5054,"male",44.084,34,20
5055,"female",52.035,43,14
5060,"female",17.529,24.314,12
5062,"female",77.171,25,13
5085,"female",9.128,9.6,12
5091,"female",72.251,56.4,20
5094,"male",22.029,10,13
5095,"male",73.751,20,20
5096,"female",73.407,30,18
5097,"male",47.006,119,12
5099,"female",97.61,40,16
5101,"female",57.477,11,15
5102,"male",48.968,33,14
5106,"male",23.45,120,12
5107,"female",89.381,152.683,19
5108,"female",98.645,33,16
5115,"female",46.56,27.4,12
5125,"female",77.314,3,14
5128,"female",56.945,29,11
5131,"female",78.06,21.213,12
5132,"male",41.062,26,10
5134,"female",47.968,42,15
5139,"male",17.763,15,12
5140,"female",60.402,10.8,16
5143,"female",80.74,62,17
5145,"male",81.861,36,12
5149,"male",72.306,6,13
5151,"female",53.96,89,13
5156,"male",58.127,100,13
5158,"male",41.879,50,12
5159,"female",36.433,1.2,12
5161,"male",55.622,37,12
5162,"female",80.536,100,12
5166,"male",98.687,75,16
5168,"male",73.682,23,18
5170,"male",83.498,55,20
5174,"male",84.442,65,13
5176,"female",31.449,38,12
5178,"male",70.507,25,13
5179,"female",53.747,23,12
5180,"female",61.711,3.563,12
5184,"male",37.165,38,12
5185,"male",91.441,57,20
5186,"male",42.843,29,12
5187,"male",60.646,34.5,13
5188,"female",53.09,46,16
5189,"female",48.596,27,12
5191,"female",75.345,20,14
5192,"male",24.074,30,12
5193,"female",52.58,56,16
5194,"male",70.467,32,12
5195,"female",56.535,28.398,12
5197,"male",72.335,123,17
5199,"female",62.924,15,15
5208,"female",75.701,25,12
5211,"male",10.875,35.718,12
5212,"female",72.412,20,17
5219,"female",33.664,83,12
5221,"male",8.837,35,14
5222,"male",46.218,80,17
5226,"male",83.809,85,16
5227,"male",45.579,40,13
5229,"male",31.929,32.53,14
5231,"female",13.348,12,12
5235,"male",13.793,70,14
5236,"female",85.912,8.4,12
5238,"male",21.71,22,12
5244,"male",46.534,60,16
5245,"male",70.64,200.977,20
5246,"female",46.743,31,15
5247,"female",55.115,26,12
5248,"male",38.094,96,14
5249,"male",56.267,36,13
5250,"male",88.662,55,16
5251,"male",15.176,50,12
5252,"male",38.32,9,12
5254,"male",48.244,120,13
5255,"female",12.777,37.1,13
5256,"female",30.913,68,13
5257,"male",21.706,40,12
5258,"female",34.971,33.8,12
5259,"female",27.434,3.5,15
5262,"female",45.691,11.5,12
5263,"male",67.67,35,14
5264,"female",4.008,65,16
5266,"male",55.998,98,14
5267,"male",12.39,50,13
5268,"female",75.256,11.548,12
5269,"male",19.642,30,11
5272,"female",28.603,20,12
5274,"male",42.704,6,13
5277,"female",17.534,10,13
5278,"male",27.724,55,12
5287,"female",79.838,3.2,16
5288,"female",22.097,37.5,12
5289,"female",88.294,40.264,16
5291,"male",15.276,47.5,12
5294,"female",27.953,16,12
5299,"female",78.135,45,18
5300,"male",50.321,63,15
5301,"female",86.332,29.479,12
5307,"male",22.362,28,12
5308,"female",4.171,11,13
5310,"female",84.207,59.8,19
5311,"female",34.37,10,12
5315,"female",52.155,16,14
5316,"male",85.107,58,12
5317,"female",76.53,7.2,12
5318,"male",75.732,20,14
5325,"female",88.694,0.6,20
5326,"female",88.59,35,16
5327,"female",60.895,35,12
5329,"male",20.657,51,13
5330,"female",64.846,30,14
5332,"female",83.449,25,15
5333,"female",54.144,29,14
5334,"male",59.959,75,16
5338,"female",52.599,21.939,12
5340,"female",20.057,10,14
5341,"female",91.407,52,16
5342,"male",71.119,95,16
5349,"female",55.017,5.25,13
5350,"male",12.563,36.5,14
5351,"female",84.304,53,18
5352,"male",63.248,110,16
5353,"female",62.412,3.2,12
5356,"male",69.093,36.8,12
5357,"male",26.187,34,12
5358,"male",81.396,55,14
5360,"female",55.327,14,13
5361,"male",44.732,3,15
5362,"male",61.583,56,12
5363,"male",30.514,52,10
5365,"male",18.621,65,15
5366,"male",89.755,35,12
5372,"female",87.078,12,16
5373,"female",90.958,35,16
5374,"female",76.589,38.4,16
5376,"female",83.858,12,12
5377,"male",85.856,56,14
5381,"female",97.117,46,16
5385,"female",49.694,8,12
5388,"female",93.238,18,16
5389,"female",93.533,53,17
5390,"male",71.096,52,14
5391,"female",43.898,40,17
5392,"male",72.595,52,14
5393,"female",82.352,59.85,16
5394,"male",71.79,42,18
5395,"male",63.289,35,17
5397,"female",71.14,23.699,15
5398,"male",82.62,135,16
5401,"male",87.434,35,12
5402,"male",11.551,50,12
5404,"female",56.704,29.5,13
5406,"female",48.5,32,16
5408,"female",44.815,40,14
5410,"male",81.45,57,16
5416,"male",97.935,15,16
5417,"male",79.36,196.68,12
5418,"male",50.639,60,16
5419,"male",87.22,81,17
5420,"male",91.807,125,16
5421,"female",80.022,13,12
5427,"female",49.099,38,13
5428,"female",69.959,45,14
5430,"male",75.195,37,16
5435,"male",60.361,36,12
5436,"female",38.439,29,12
5439,"male",95.516,110,16
5440,"male",91.857,38,12
5441,"male",31.355,150,14
5442,"female",29.679,6.8,15
5445,"female",37.721,14,14
5446,"male",10.31,9.6,9
5447,"male",4.747,27.3,8
5450,"female",19.937,8.5,12
5451,"male",24.754,50,12
5453,"female",32.426,6,13
5456,"male",15.308,25,12
5461,"male",0.587,71.776,8
5469,"female",1.294,7.2,9
5470,"male",54.755,43,12
5474,"female",60.055,62,16
5476,"female",0.838,26,12
5484,"male",25.56,0.9,12
5485,"female",23.139,47,16
5486,"female",22.735,20.5,12
5488,"female",11.841,0.35,11
5489,"male",97.069,91,20
5491,"male",47.421,52,12
5493,"male",32.743,56,12
5494,"male",50.188,29.8,12
5499,"male",29.66,50,12
5500,"male",51.599,40,14
5502,"female",16.864,16,12
5504,"male",74.158,95,16
5505,"female",14.718,22.05,12
5508,"female",21.049,20,12
5510,"female",11.307,20,12
5511,"female",60.755,28,14
5512,"male",63.118,55,13
5513,"male",99.484,25,16
5514,"male",46.876,10,12
5516,"male",25.347,22.5,12
5518,"female",6.995,40,14
5519,"male",4.096,18,8
5521,"male",85.656,18.56,12
5522,"female",61.117,3,12
5524,"female",25.036,1.3,12
5528,"female",27.961,38,12
5531,"male",66.286,110,12
5537,"female",6.803,19,12
5538,"male",14.114,15,12
5539,"male",82.93,25,12
5540,"male",31.907,125,14
5543,"male",85.677,133,17
5544,"female",14.701,10.056,12
5545,"male",42.853,16,12
5546,"female",48.99,32,12
5550,"female",6.054,11,12
5551,"female",21.62,29,12
5555,"female",56.039,14,12
5558,"male",0.162,45,12
5565,"female",37.489,36,16
5566,"female",39.633,25,12
5568,"female",64.088,38,14
5572,"female",61.264,31,12
5573,"male",46.741,24,12
5575,"female",64.673,15.785,12
5576,"female",46.125,34,12
5580,"male",35.796,47,12
5581,"female",31.716,22,12
5585,"male",26.982,54,12
5590,"male",77.376,42,16
5591,"female",67.935,65,16
5592,"male",98.198,33,19
5594,"male",73.884,79,20
5599,"male",60.292,82,16
5603,"male",10.81,36,9
5604,"male",1.042,40,9
5607,"male",28.205,30,12
5609,"female",10.186,24,14
5611,"male",34.301,18,13
5612,"female",47.973,26.5,13
5613,"male",0,30,12
5614,"female",18.176,26,12
5616,"male",3.039,35,12
5617,"male",8.282,20,12
5618,"male",51.958,43,16
5621,"male",51.908,44,17
5623,"male",95.248,96,20
5624,"female",70.691,36,19
5625,"male",66.276,40,12
5626,"female",60.781,52,12
5637,"male",8.54,52,12
5640,"female",0.56,30,12
5646,"female",37.531,33,12
5649,"male",71.982,22,13
5653,"male",66.907,52,12
5655,"male",82.061,90,17
5661,"female",71.156,1.6,15
5666,"male",68.443,80,16
5667,"male",97.274,198.032,20
5668,"male",70.576,60,12
5669,"female",54.716,38,12
5671,"male",86.782,20,12
5674,"female",56.285,8,13
5675,"female",87.596,67.5,16
5676,"female",77.716,15,17
5677,"male",64.58,72,12
5684,"female",5.319,12,12
5690,"female",76.766,70,19
5694,"male",58.345,42,12
5696,"male",42.254,72,12
5699,"male",97.537,45,13
5700,"male",80.34,70,12
5701,"female",75.52,114,17
5702,"female",59.926,24,13
5703,"male",74.363,42.5,14
5705,"female",81.334,10.9,12
5708,"female",81.916,33,14
5710,"female",87.91,53,18
5711,"male",50.838,42,12
5712,"female",80.893,26.28,12
5713,"female",64.357,44.328,11
5718,"female",76.736,9,12
6285,"male",51.843,60,13
11751,"male",24.592,10,11
11755,"male",7.35,60,11
11758,"male",80.188,70,19
11759,"male",40.534,50,12
11760,"male",0,4,12
11762,"male",1.792,100,11
11763,"male",47.481,146,15
11769,"female",67.337,8,15
11776,"male",26.798,25,10
11777,"female",90.862,74.5,14
11778,"female",71.422,32.9,15
11779,"female",78.397,1.5,17
11785,"female",19.889,78,12
11786,"female",44.583,65,12
11787,"female",20.097,8,10
11791,"male",66.503,123,16
11792,"female",61.687,19,12
11793,"male",11.738,56,12
11794,"female",19.708,40,12
11796,"male",97.147,24,16
11797,"female",40.415,1.2,14
11798,"female",45.075,17,15
11799,"male",26.504,32,14
11800,"female",18.254,60,12
11801,"male",8.903,0.35,12
11806,"male",43.089,63,13
11807,"female",40.755,80,12
11809,"male",68.468,39,16
11811,"female",0.823,8,12
11813,"female",3.222,30.456,12
11814,"female",2.314,9,8
11815,"female",21.716,1.3,13
11816,"female",78.611,19.5,15
11818,"female",12.57,13,10
11819,"female",43.124,27.7,14
11820,"male",62.701,50,16
11822,"male",41.801,57.5,12
11830,"male",1.457,2,12
11832,"female",9.266,15,13
11833,"male",13.696,25,13
11835,"female",60.5,14,16
11838,"female",23.064,52,15
11839,"female",48.275,45,12
11841,"male",39.048,57,13
11844,"male",23.172,20.108,15
11845,"female",47.552,40,14
11846,"male",9.003,54,12
11848,"female",48.795,24.5,16
11849,"male",14.611,50,12
11850,"female",24.52,32,8
11851,"female",67.97,80,14
11854,"female",68.817,87,16
11858,"female",37.279,24,12
11860,"male",61.243,40,12
11863,"male",78.549,77.919,14
11864,"male",16.885,24,12
11865,"female",75.534,42.5,12
11867,"female",18,28,16
11868,"female",54.37,102.831,16
11869,"female",83.763,38.4,14
11870,"female",72.983,11,16
11872,"male",81.931,24.5,14
11875,"male",63.866,57,12
11878,"female",39.427,22,12
11879,"female",63.777,13.691,12
11880,"male",44.032,15,12
11881,"female",92.255,15,16
11883,"male",75.428,44,12
11884,"male",18.231,2.2,12
11886,"female",79.197,10,15
11887,"male",61.341,24.2,12
11889,"male",68.263,40,17
11890,"male",1.779,50.4,6
11891,"female",4.028,10,12
11894,"female",55.742,30.33,16
11897,"male",96.751,64,14
11898,"female",80.758,58.5,16
11901,"female",36.943,29,14
11902,"female",39.267,48,18
11905,"female",43.256,60,16
11909,"female",51.061,16,12
11911,"male",56.834,46,13
11916,"female",45.787,38,18
11917,"male",62.412,35,12
11918,"female",89.086,85,17
11920,"male",83.021,338.101,16
11923,"female",45.43,12,14
11924,"male",91.057,68.458,13
11925,"male",70,58,12
11926,"male",86.514,45,12
11929,"female",93.914,82,20
11932,"female",9.829,10,14
11934,"male",12.465,90,12
11935,"female",10.59,24,12
11936,"male",38.717,125,16
11937,"male",12.877,43,20
11939,"male",27.064,15,12
11940,"female",48.739,14,12
11942,"male",52.131,39,12
11945,"male",15.874,40,13
11947,"male",10.751,90,12
11949,"female",20.859,26,12
11950,"female",6.732,2,12
11955,"female",72.75,42,16
11958,"female",42.412,75,12
11971,"male",24.339,39,15
11972,"male",37.918,110.5,20
11973,"male",60.113,60,12
11981,"female",0.332,31,12
11990,"male",85.632,70,20
11993,"female",36.867,40,12
12000,"female",56.178,33,12
12005,"female",39.556,35,15
12006,"male",59.085,17,16
12008,"male",38.202,60,12
12010,"male",83.535,53,20
12012,"male",76.322,65,14
12014,"male",80.79,85,16
12016,"male",70.816,150,16
12018,"female",94.157,52.9,12
12019,"male",69.997,58,12
12022,"female",54.756,63,12
12023,"male",74.585,65,17
12031,"male",66.317,40,12
12032,"female",14.177,24,12
12034,"female",72.753,161.182,16
12036,"female",81.701,28.9,15
12039,"male",65.528,22,12
12041,"male",16.707,46,12
12042,"female",8.479,3,12
12043,"male",5.867,0.628,12
12044,"male",41.848,45,18
12045,"male",87.993,49,20
12052,"female",68.169,32,15
12055,"male",49.365,51,12
12057,"female",58.25,3,12
12061,"female",88.136,42,13
12062,"female",1.35,20,13
12064,"male",91.448,158.73,20
12065,"male",45.81,56,10
12066,"female",26.619,3,14
12068,"male",88.023,49,16
12070,"female",50.856,34,15
12076,"female",58.498,6,12
12082,"male",33.649,4,12
12083,"female",42.237,22,12
12084,"male",56.342,33.793,12
12087,"female",18.164,3,13
12088,"male",97.573,37,16
12089,"male",63.613,40,20
12090,"male",53.959,30,12
12092,"female",53.775,30,16
12093,"male",59.265,82,12
12097,"female",36.668,54,12
12098,"female",82.763,53,14
12102,"male",62.246,100,16
12104,"female",83.988,36.323,15
12106,"male",76.524,120,18
12110,"male",56.116,91,16
12116,"male",74.244,90,16
12119,"male",54.283,45,18
12122,"male",20.531,30,8
12125,"male",15.881,42,12
12126,"female",10.695,21,12
12128,"female",64.324,30,12
12129,"male",72.169,39.5,16
12130,"female",27.983,24,12
12131,"male",32.593,23,12
12133,"male",22.983,11.56,12
12135,"female",10.769,22,10
12138,"female",40.28,21,13
12139,"male",29.169,12.6,12
12140,"female",31.207,45,13
